{"stats":{"minecraft:custom":{"minecraft:time_since_rest":7536,"minecraft:open_chest":3,"minecraft:play_time":8741,"minecraft:interact_with_furnace":1,"minecraft:sprint_one_cm":39975,"minecraft:damage_taken":20,"minecraft:walk_one_cm":11365,"minecraft:sneak_time":5,"minecraft:drop":3,"minecraft:jump":316,"minecraft:damage_dealt":10,"minecraft:leave_game":1,"minecraft:time_since_death":8741,"minecraft:sleep_in_bed":1,"minecraft:total_world_time":8741,"minecraft:interact_with_crafting_table":2,"minecraft:fall_one_cm":7611,"minecraft:fly_one_cm":97522},"minecraft:crafted":{"minecraft:crafting_table":1,"minecraft:spruce_planks":28,"minecraft:stick":4,"minecraft:wooden_pickaxe":1},"minecraft:mined":{"minecraft:short_grass":11,"minecraft:grass_block":4,"minecraft:dirt":9,"minecraft:stone":14,"minecraft:spruce_log":7},"minecraft:dropped":{"minecraft:rabbit_hide":1,"minecraft:wheat_seeds":2},"minecraft:used":{"minecraft:leather_leggings":1,"minecraft:crafting_table":1,"minecraft:bread":2,"minecraft:wooden_pickaxe":14,"minecraft:spruce_sapling":1},"minecraft:picked_up":{"minecraft:wheat_seeds":2,"minecraft:rabbit_hide":1,"minecraft:spruce_sapling":1,"minecraft:rabbit":1,"minecraft:spruce_log":7,"minecraft:dirt":13,"minecraft:cobblestone":14}},"DataVersion":3953}